Festa del Gusto Lodigiano,27,7,2025,Codogno,LO
Sagra del Tortello,28,8,2025,Suzzara,MN
Festa della Brianza,1,9,2025,Seregno,MB
Marcia fra i Vigneti,2,10,2025,Voghera,PV
Concerto Valtellinese,3,11,2025,Bormio,SO
Raduno sul Lago,4,12,2025,Gallarate,VA
Notte Bianca Milanese,5,1,2025,Sesto San Giovanni,MI
Fiera di Treviglio,6,2,2025,Treviglio,BG
Rievocazione Storica Bresciana,7,3,2025,Desenzano del Garda,BS
Festa del Lago di Como,8,4,2025,Cantù,CO
Fiera del Torrone,9,5,2025,Crema,CR
Festa del Manzoni,10,6,2025,Merate,LC
Giornata Lodigiana,11,7,2025,Codogno,LO
Festival Mantovano,12,8,2025,Sabbioneta,MN
Camminata Brianzola,13,9,2025,Desio,MB
Degustazione Pavese,14,10,2025,Vigevano,PV
Escursione Alpina,15,11,2025,Chiavenna,SO
Corale Varesina,16,12,2025,Busto Arsizio,VA
Expo dell’Innovazione,17,1,2025,Rho,MI
Maratona Bergamasca,18,2,2025,Seriate,BG
Sagra dei Sapori Bresciani,19,3,2025,Lumezzane,BS
Evento Lariano,20,4,2025,Erba,CO
Rassegna Cremonese,21,5,2025,Soresina,CR
Passeggiata Lecchese,22,6,2025,Lecco,LC
Festa Agricola Lodigiana,23,7,2025,Sant'Angelo Lodigiano,LO
Mercato dei Fiori,24,7,2025,Melegnano,MI
Regata sul Po,25,8,2025,Casalmaggiore,CR
Passeggiata al Santuario,26,9,2025,Caravaggio,BG
Sfilata di Costumi,27,10,2025,Soncino,CR
Festa dei Falò,28,11,2025,Sondrio,SO
Carnevale Brianzolo,29,12,2025,Monza,MB
Fiera della Zucca,30,1,2025,Mantova,MN
Festival dello Spiedo,31,2,2025,Rovato,BS
Pedalata del Naviglio,1,3,2025,Cassinetta di Lugagnano,MI
Festa del Mulino,2,4,2025,Colico,LC
Museo Aperto,3,5,2025,Crema,CR
Sagra dell’Uva,4,6,2025,Albese con Cassano,CO
Raduno Cortese,5,7,2025,Codogno,LO
Rassegna Canora,6,8,2025,Meda,MB
Festa dell’Artigianato,7,9,2025,Treviglio,BG
Mercatino della Lana,8,10,2025,Sondalo,SO
Antica Fiera Lombarda,9,11,2025,Magenta,MI
Marcia del Torrente,10,12,2025,Cuvio,VA
Degustazione Bresciana,11,1,2025,Ghedi,BS
Fiera dell’Oglio,12,2,2025,Pontevico,BS
Notte dei Musei,13,3,2025,Pavia,PV
Escursione della Valchiavenna,14,4,2025,Chiavenna,SO
Sagra delle Mele,15,5,2025,Castiglione delle Stiviere,MN
Festa del Riso,16,6,2025,Belgioioso,PV
Rievocazione di Torrazzo,17,7,2025,Torrazzo,CR
